{
    "vehicle": {
      "view" : {
        "origin": [
          0.0,
          0.0,
          0.0
        ],
        "x-axis": [
          1.0,
          0.0,
          0.0
        ],
        "y-axis": [
          0.0,
          1.0,
          0.0
        ]
      },
  
      "ego-dimensions":
      {
        "x-range": [-1.0, 4.0],
        "y-range": [-1.25, 1.25],
        "z-range": [-0.75, 1.5]
      }
    },
  
  
    "lidars": {
      "front_center": {
        "view": {
          "origin": [
            1.7183999999999997,
            3.8163916471489756e-17,
            1.1201406050000002
          ],
          "x-axis": [
            -0.007840892071133887,
            -0.9999275831501491,
            -0.00912956006775139
          ],
          "y-axis": [
            0.9807203123118539,
            -0.005906897013169535,
            -0.19532736005643384
          ]
        }
      },
      "front_left": {
        "view": {
          "origin": [
            1.7115472144019115,
            0.6309253612930116,
            1.1183603410607053
          ],
          "x-axis": [
            0.9997181756703177,
            -0.02247154565787787,
            -0.0076549898862032445
          ],
          "y-axis": [
            0.013577535160789809,
            0.8057433542223932,
            -0.5921091940389074
          ]
        }
      },
      "front_right": {
        "view": {
          "origin": [
            1.7057192494119477,
            -0.6546311501997916,
            1.1162099278760471
          ],
          "x-axis": [
            -0.9998610375105861,
            0.010662317224908232,
            0.012814860890777973
          ],
          "y-axis": [
            -0.01623086785658188,
            -0.798013739000296,
            -0.6024206431517679
          ]
        }
      },
      "rear_left": {
        "view": {
          "origin": [
            -0.43094714121137156,
            0.5880139308083067,
            1.1479587720725783
          ],
          "x-axis": [
            0.9429395447084686,
            -0.007441303046458202,
            0.3328808225686139
          ],
          "y-axis": [
            0.09087818558776738,
            0.9675433570319885,
            -0.235798659130084
          ]
        }
      },
      "rear_right": {
        "view": {
          "origin": [
            -0.4335855801921671,
            -0.6050262250544058,
            1.1183086367434956
          ],
          "x-axis": [
            -0.946105656109395,
            0.022278038022261998,
            -0.3230909724825038
          ],
          "y-axis": [
            0.06774258601831458,
            -0.9619486437056151,
            -0.26469935570846975
          ]
        }
      }
    },
  
    "cameras": {
      "front_left": {
        "tstamp_delay": 25000,
        "view": {
          "origin": [1.711046058646327, 0.580000038633385, 0.9431449351175034],
          "x-axis": [0.9967143135613592, 0.08099673956964312, -0.0003245319644803415],
          "y-axis": [-0.08098903495145397, 0.9966610510963778, 0.010369447675528503]
        },
        "Lens" : "Fisheye",
        "CamMatrix" : [
          [ 825.10199941612268,
            0.0,
            959.46189953054625
          ],
          [
            0.0,
            824.19398027825866,
            642.44891736910677
          ],
          [
            0.0,
            0.0,
            1.0
          ]
        ],
        "CamMatrixOriginal" : [
          [
            972.20926731198472,
            0.0,
            959.77912937002748
          ],
          [
            0.0,
            971.13935762645167,
            631.22125907212467
          ],
          [
            0.0,
            0.0,
            1.0
          ]
        ],
        "Distortion" :
        [
          [
            -0.03751941844001954,
            -0.0057570911332895667,
            0.0,
            0.0
          ]
        ],
        "Resolution" : [1920, 1208]
      },
      "front_right": {
        "tstamp_delay": 25000,
        "view": {
          "origin": [1.7110458388554233, -0.5799999964036991, 0.9431449683474227],
          "x-axis": [0.9999712127214855, -0.006632832144004123, -0.003685005572768011],
          "y-axis": [0.006602853660132028, 0.9999454859771466, -0.00808872038527975]
        },
        "Lens" : "Fisheye",
        "CamMatrix" :
        [
          [
            812.13965285065706,
            0.0,
            999.36463251438443
          ],
          [
            0.0,
            811.02464115134444,
            650.77235320608577
          ],
          [
            0.0,
            0.0,
            1.0
          ]
        ],
        "CamMatrixOriginal" :
        [
          [
            966.53205601640866,
            0.0,
            976.42482711634557
          ],
          [
            0.0,
            965.20507420184492,
            636.87992129812801
          ],
          [
            0.0,
            0.0,
            1.0
          ]
        ],
        "Distortion" :
        [
          [
            -0.05530181694038723,
            0.010081289845914833,
            0.0,
            0.0
          ]
        ],
        "Resolution" : [ 1920, 1208 ]
      },
  
      "front_center": {
        "tstamp_delay": 25000,
        "view": {
          "origin": [1.711045726422736, -5.735179668849011e-09, 0.9431449279047172],
          "x-axis": [0.9997595802751106, 0.021372184646008877, -0.004900139956328717],
          "y-axis": [-0.021482638328964472, 0.9994877740097232, -0.02372100030596073]},
        "view_": {
          "origin": [
            1.7110457264227357,
            -5.735179664512202e-09,
            0.9431449279047173
          ],
          "x-axis": [
            0.9996634642995799,
            0.022799351501069053,
            -0.012375286489347262
          ],
          "y-axis": [
            -0.022997507411583355,
            0.999605659802198,
            -0.016113334362155302
          ]
        },
        "CamMatrix" :
        [
          [
            1687.3369140625,
            0.0,
            965.43414055823814
          ],
          [
            0.0,
            1783.428466796875,
            684.4193604186803
          ],
          [
            0.0,
            0.0,
            1.0
          ]
        ],
        "CamMatrixOriginal" :
        [
          [
            1844.1774422790927,
            0.0,
            964.42990523863864
          ],
          [
            0.0,
            1841.5212239377258,
            679.5331911948183
          ],
          [
            0.0,
            0.0,
            1.0
          ]
        ],
        "Distortion" :
        [
          [
            -0.2611312587700434,
            0.0,
            0.0,
            0.0,
            0.0
          ]
        ],
        "Lens" : "Telecam",
        "Resolution" : [ 1920, 1208 ]
      },
  
      "side_left": {
        "tstamp_delay": 25000,
        "view": {
          "origin": [0.6510458405937454, 0.5799998572182938, 0.9431448238158191],
          "x-axis": [-0.018544344034239085, 0.9768772957615971, -0.2129949678510011],
          "y-axis": [-0.9997343869154344, -0.021032679180218387, -0.009422421415035534]},
        "view_": {
          "origin": [
            0.6510458405937453,
            0.5799998572182938,
            0.9431448238158191
          ],
          "x-axis": [
            -0.02370281060836645,
            0.9754754725173522,
            -0.2188281958210878
          ],
          "y-axis": [
            -0.9994396703958544,
            -0.02829603419996814,
            -0.01787958857412887
          ]
        },
        "CamMatrix" :
        [
          [
            821.96843909434017,
            0.0,
            989.87613610492576
          ],
          [
            0.0,
            822.16288440668507,
            654.82930537617779
          ],
          [
            0.0,
            0.0,
            1.0
          ]
        ],